{
  "fontName": "fabric-icons",
  "fontFamilyName": "FabricMDL2Icons",
  "excludeGlyphs": false,
  "excludeThirdPartyIcons": false,
  "chunkSubsets": false,
  "hashFontFileName": true,
  "glyphs": [
    {
      "name": "ChromeMinimize",
      "unicode": "E921"
    },
    {
      "name": "CircleShapeSolid",
      "unicode": "F63C"
    },
    {
      "name": "Message",
      "unicode": "E8BD"
    },
    {
      "name": "MessageFill",
      "unicode": "EC70"
    },
    {
      "name": "Robot",
      "unicode": "E99A"
    },
    {
      "name": "Switch",
      "unicode": "E8AB"
    }
  ]
}